id,title,authors_abbrev,year,venue,abstract,doi_link,filter1,filter2,filter3,filter4,filter5,filter6,filter7,filter8,Uncleaned Tags,Canon Tags,info2,info3
1,Socially shared regulation of learning in CSCL: understanding and prompting individual- and group-level shared regulatory activities,Järvelä et al.,2016,International Journal of Computer-Supported Collaborative Learning,"The field of computer supported collaborative learning (CSCL) is progressing instrumentally and theoretically. Nevertheless, few studies examine the effectiveness and efficiency of CSCL with respect to cognitive, motivational, emotional, and social issues, despite the fact that the role of regulatory processes is critical for the quality of students' engagement in collaborative learning settings. We review the four earlier lines in developing support in CSCL and show how there has been a lack of work to support individuals in groups to engage in, sustain, and productively regulate their own and the group's collaborative processes. Our aim is to discuss how our conceptual work in socially shared regulation of learning (SSRL) contributes to effective and efficient CSCL, what tools are presently available, and what the implications of research on these tools are for future tool development.",https://link.springer.com/article/10.1007/s11412-016-9238-2,"Self-regulated learning, ",,,,,,,,,,,
2,Socially Shared Regulation in Collaborative Groups: An Analysis of the Interplay Between Quality of Social Regulation and Group Processes,Toni Kempler Rogat & Lisa Linnenbrink-Garcia,2011,Cognition and Instruction,"This study extends prior research on both individual self-regulation and socially shared regulation during group learning to examine the range and quality of the cognitive and behavioral social regulatory sub-processes employed by six small collaborative groups of upper-elementary students (n = 24). Qualitative analyses were conducted based on videotaped observations of groups across a series of three mathematics tasks. Variation in the quality of social regulation as a function of group processes (positive and negative socioemotional interactions, collaborative and non-collaborative interactions) was also considered. Findings suggested that the synergy among the social regulatory processes of planning, monitoring, and behavioral engagement was important for differentiating quality variation between groups. Positive socioemotional interactions and collaboration also appeared to facilitate higher quality social regulation. Implications for comprehensively supporting high quality social regulation, alongside positive socioemotional interactions and collaboration, in small group contexts are discussed.", https://doi.org/10.1080/07370008.2011.607930,socially shared regulation,,,,,,,,,,,
3,A Cognitive and Metacognitive Analysis of Self-Regulated Learning,Winne,2011,Handbook of Self-Regulation of Learning and Performance,"The mind is a storehouse for knowledge. The world affords people uncountable opportunities to learn many things but not all opportunities are taken up-people are selective-they self-regulate learning. To examine how people self-regulate what and how they learn, I rst present several core ideas.

",https://www.taylorfrancis.com/chapters/edit/10.4324/9780203839010-6/cognitive-metacognitive-analysis-self-regulated-learning-philip-winne?context=ubx&refId=f427e33c-dd3f-49f4-87fc-757b4d60972b,,,,,,,,,,,,
4,"Motivational Sources and Outcomes of Self-Regulated Learning and Performance
",Zimmerman,2011,Handbook of Self-Regulation of Learning and Performance,"The topic of self-regulation of learning has attracted the attention of diverse audiences because of widespread concerns about students’ daily struggles to attain academic competence and control. Underachievement in school has often been ascribed to a lack of self-regulation, and there is evidence that procrastination leads to low levels of learning and performance and to high levels of dissatisfaction and stress (Schmitz & Wiese, 2006). However, self-regulation has proven to be an elusive construct. Although teachers and parents typically view students’ self-regulation of learning (SRL) as an ability to function academically on their own, researchers seek also to understand where, how, and why some students self-regulate and others do not. The where question deals with the performance and task context whereas the how question deals with the metacognitive aspects of SRL. The why question focuses on the motivational aspects of selfregulation, and it is the focus of this chapter.

",https://www.taylorfrancis.com/chapters/edit/10.4324/9780203839010-8/motivational-sources-outcomes-self-regulated-learning-performance-barry-zimmerman?context=ubx&refId=7e946598-da90-4da8-b466-517c662c1481,"Motivation, self-regulated learning, metacognition",,,,,,,,,,,
5,,,,,,,,,,,,,,,,,,